<?xml version="1.0" encoding="UTF-8"?>
<!-- applicationContext.xml -->


<beans xmlns="http://www.springframework.org/schema/beans"


xmlns:aop="http://www.springframework.org/schema/aop"


xmlns:xsi="http://www.w3.org/2001/XMLSchema-instance"


xsi:schemaLocation="


http://www.springframework.org/schema/beans


http://www.springframework.org/schema/beans/spring-beans.xsd


http://www.springframework.org/schema/aop


http://www.springframework.org/schema/aop/spring-aop.xsd">







<aop:aspectj-autoproxy proxy-target-class="true"/>

    <!-- ===== DataSource (MySQL example) ===== -->
    <bean id="dataSource" class="org.springframework.jdbc.datasource.DriverManagerDataSource">
        <property name="driverClassName" value="com.mysql.cj.jdbc.Driver"/>
        <property name="url" value="jdbc:mysql://localhost:3306/feb11th_SpringBanking?useSSL=false&amp;serverTimezone=UTC"/>
        <property name="username" value="root"/>
        <property name="password" value="root@39"/>
    </bean>

    <!-- JdbcTemplate -->
    <bean id="jdbcTemplate" class="org.springframework.jdbc.core.JdbcTemplate">
        <property name="dataSource" ref="dataSource"/>
    </bean>

    <!-- DAO -->
    <bean id="accountDao" class="com.example.service.AccountDao">
        <property name="jdbcTemplate" ref="jdbcTemplate"/>
    </bean>

    <!-- Service -->
    <bean id="bankService" class="com.example.service.BankService">
        <property name="accountDao" ref="accountDao"/>
    </bean>

    <!-- Aspect -->
    <bean id="checkBalance" class="com.example.aspect.checkBalance">
        <property name="accountDao" ref="accountDao"/>
    </bean>

</beans>