<?xml version="1.0" encoding="UTF-8"?>

<hibernate-configuration>
    <session-factory>

        <!-- MySQL JDBC Driver -->
        <property name="hibernate.connection.driver_class">
            com.mysql.cj.jdbc.Driver
        </property>

        <!-- MySQL Connection URL -->
      <property name="hibernate.connection.url">
    jdbc:mysql://localhost:3306/Feb6th_DB?useSSL=false&amp;allowPublicKeyRetrieval=true&amp;serverTimezone=UTC
</property>

        <!-- MySQL Credentials -->
        <property name="hibernate.connection.username">root</property>
        <property name="hibernate.connection.password">root@39</property>

        <!-- Hibernate Dialect for MySQL 8 -->
        <property name="hibernate.dialect">
            org.hibernate.dialect.MySQL8Dialect
        </property>
        
        
        <property name="hibernate.hbm2ddl.auto">update</property>

        <!-- Debug options -->
        <property name="hibernate.show_sql">true</property>
        <property name="hibernate.format_sql">false</property>

<!--         Entity mapping -->
        <mapping class="PersonDetails.Person"/>
        <mapping class="PersonDetails.Passport" />
        
        <mapping class="PersonDetails.Employee"/>
        <mapping class="PersonDetails.Department"/>
        
        

    </session-factory>
</hibernate-configuration>
