<?xml version="1.0" encoding="UTF-8"?> 


<beans xmlns="http://www.springframework.org/schema/beans"


		xmlns:xsi="http://www.w3.org/2001/XMLSchema-instance"


		xsi:schemaLocation="http://www.springframework.org/schema/beans 


			http://www.springframework.org/schema/beans/spring-beans.xsd">

<bean id="obj" class="Employees.Employee">
<property name="Name" value="ram"></property>

<property name="Age" value="4"></property>
<property name="address" ref="add1"></property>
</bean>

<bean id="add1" class="Employees.Address">
<property name="city" value="Mumbai"></property>
<property name="state" value="Maharashtra"></property>
</bean>
</beans>