<beans xmlns="http://www.springframework.org/schema/beans"
	xmlns:xsi="http://www.w3.org/2001/XMLSchema-instance"
	xmlns:context="http://www.springframework.org/schema/context"
	xsi:schemaLocation="http://www.springframework.org/schema/beans 
		http://www.springframework.org/schema/beans/spring-beans.xsd
		http://www.springframework.org/schema/context 
		http://www.springframework.org/schema/context/spring-context.xsd">
	
	
<!--	<bean id="bean1" class="LifeCycle.Car" init-method="F1" destroy-method="F2"> -->
<!--	<property name="price" value="2000"></property>-->
<!--	</bean>-->

	<context:annotation-config />
	<bean id="bean1" class="LifeCycle.Car"> 
	<property name="price" value="2000"></property>
	</bean>
	<!-- <bean id="bean2" class="p1.Employee" init-method="FUN11" destroy-method="FUN22"> 
	<property name="salary" value="999"></property>
	</bean>-->
</beans>

